id_leitura,timestamp,id_sensor,id_cultura,umidade_solo,temp_ambiente,vento_kmh,radiacao_solar,chuva_mm
1,2025-12-15 09:53:00.710679,S-02,3,33.84,29.43,14.6,596.3,0
2,2025-12-15 10:38:00.710679,S-01,1,39.72,30.7,12.8,693.4,0
3,2025-12-15 11:23:00.710679,S-01,1,54.33,25.0,22.1,776.7,5
4,2025-12-15 12:08:00.710679,S-03,3,37.53,33.87,14.3,880.5,0
5,2025-12-15 12:53:00.710679,S-02,2,39.92,32.69,4.6,816.4,0
6,2025-12-15 13:38:00.710679,S-01,2,32.38,31.6,15.9,796.3,40
7,2025-12-15 14:23:00.710679,S-01,2,42.01,29.4,37.1,709.4,0
8,2025-12-15 15:08:00.710679,S-02,3,57.29,25.29,20.6,534.1,0
9,2025-12-15 15:53:00.710679,S-02,2,36.34,29.3,6.5,557.5,40
10,2025-12-15 16:38:00.710679,S-02,3,57.71,26.7,13.2,468.5,0
11,2025-12-15 17:23:00.710679,S-01,2,46.3,23.25,6.9,231.8,5
12,2025-12-15 18:08:00.710679,S-03,3,51.48,20.37,19.1,47.8,0
13,2025-12-15 18:53:00.710679,S-03,2,62.24,19.46,19.4,27.3,0
14,2025-12-15 19:38:00.710679,S-01,3,65.83,16.12,1.7,0.0,0
15,2025-12-15 20:23:00.710679,S-02,1,64.19,13.88,13.6,13.1,0
16,2025-12-15 21:08:00.710679,S-01,2,64.23,14.62,7.4,76.4,0
17,2025-12-15 21:53:00.710679,S-01,1,75.33,13.58,15.5,0.0,40
18,2025-12-15 22:38:00.710679,S-02,2,65.08,12.03,6.9,0.0,0
19,2025-12-15 23:23:00.710679,S-03,2,84.13,10.6,6.1,0.0,5
20,2025-12-16 00:08:00.710679,S-03,3,78.37,11.44,3.3,38.3,40
21,2025-12-16 00:53:00.710679,S-03,2,82.55,9.58,25.8,88.4,0
22,2025-12-16 01:38:00.710679,S-02,1,75.32,9.96,5.1,0.0,0
23,2025-12-16 02:23:00.710679,S-02,1,73.13,13.89,28.4,0.0,12
24,2025-12-16 03:08:00.710679,S-03,2,81.65,11.91,24.1,0.0,0
25,2025-12-16 03:53:00.710679,S-02,3,72.94,13.31,13.9,0.0,40
26,2025-12-16 04:38:00.710679,S-03,1,74.42,187.0,29.2,0.0,0
27,2025-12-16 05:23:00.710679,S-02,1,61.19,18.42,19.3,57.8,40
28,2025-12-16 06:08:00.710679,S-02,3,70.28,18.79,5.5,0.0,0
29,2025-12-16 06:53:00.710679,S-01,3,50.15,23.04,17.1,20.3,12
30,2025-12-16 07:38:00.710679,S-01,3,49.52,23.1,10.4,213.2,12
31,2025-12-16 08:23:00.710679,S-03,3,43.61,25.55,13.6,332.1,12
32,2025-12-16 09:08:00.710679,S-03,2,34.42,27.44,16.0,505.6,0
33,2025-12-16 09:53:00.710679,S-03,2,45.35,28.98,13.6,493.6,12
34,2025-12-16 10:38:00.710679,S-01,3,,31.58,2.7,709.0,12
35,2025-12-16 11:23:00.710679,S-03,2,30.0,34.42,17.5,797.1,0
36,2025-12-16 12:08:00.710679,S-03,2,44.32,32.01,23.0,816.2,0
37,2025-12-16 12:53:00.710679,S-02,3,43.24,28.77,27.0,700.0,0
38,2025-12-16 13:38:00.710679,S-01,2,46.85,28.31,12.1,686.8,12
39,2025-12-16 14:23:00.710679,S-01,3,50.78,28.22,8.9,678.2,40
40,2025-12-16 15:08:00.710679,S-03,1,48.21,26.74,29.8,592.4,40
41,2025-12-16 15:53:00.710679,S-01,2,53.46,23.99,8.9,669.2,0
42,2025-12-16 16:38:00.710679,S-02,1,44.22,26.17,7.9,391.9,0
43,2025-12-16 17:23:00.710679,S-03,1,53.43,22.91,15.1,222.0,0
44,2025-12-16 18:08:00.710679,S-03,2,55.32,23.8,3.1,35.1,0
45,2025-12-16 18:53:00.710679,S-03,2,54.25,18.48,3.4,77.5,0
46,2025-12-16 19:38:00.710679,S-02,2,70.93,17.45,0.0,39.3,0
47,2025-12-16 20:23:00.710679,S-03,1,78.05,15.09,32.0,0.0,0
48,2025-12-16 21:08:00.710679,S-03,1,79.61,10.11,14.5,0.0,0
49,2025-12-16 21:53:00.710679,S-01,1,75.86,11.08,12.3,57.6,0
50,2025-12-16 22:38:00.710679,S-02,2,79.74,10.62,32.1,0.0,12
51,2025-12-16 23:23:00.710679,S-03,3,70.67,14.91,7.8,0.0,12
52,2025-12-17 00:08:00.710679,S-03,2,81.58,10.43,27.0,0.0,0
53,2025-12-17 00:53:00.710679,S-03,1,73.33,9.46,18.4,46.3,0
54,2025-12-17 01:38:00.710679,S-03,1,77.47,9.89,3.3,0.0,12
55,2025-12-17 02:23:00.710679,S-02,1,71.39,12.45,13.5,0.0,0
56,2025-12-17 03:08:00.710679,S-02,1,78.87,10.27,17.2,68.6,12
57,2025-12-17 03:53:00.710679,S-03,1,63.31,13.88,8.9,0.0,5
58,2025-12-17 04:38:00.710679,S-03,3,63.73,16.78,20.6,0.4,5
59,2025-12-17 05:23:00.710679,S-02,1,71.84,16.9,13.3,0.0,12
60,2025-12-17 06:08:00.710679,S-03,3,55.24,18.44,4.5,26.7,0
61,2025-12-17 06:53:00.710679,S-03,2,66.1,16.67,11.8,14.5,40
62,2025-12-17 07:38:00.710679,S-02,1,53.99,23.87,25.2,238.8,0
63,2025-12-17 08:23:00.710679,S-02,1,43.68,26.39,10.8,337.3,0
64,2025-12-17 09:08:00.710679,S-02,2,43.86,28.85,4.9,582.5,0
65,2025-12-17 09:53:00.710679,S-03,2,47.03,25.92,5.2,592.9,40
66,2025-12-17 10:38:00.710679,S-02,3,40.02,29.62,19.6,705.9,0
67,2025-12-17 11:23:00.710679,S-02,2,31.0,30.6,27.1,723.9,0
68,2025-12-17 12:08:00.710679,S-02,2,34.44,32.65,20.6,753.8,0
69,2025-12-17 12:53:00.710679,S-03,1,48.93,24.62,20.6,740.7,0
70,2025-12-17 13:38:00.710679,S-03,2,45.63,30.3,20.6,794.2,40
71,2025-12-17 14:23:00.710679,S-02,1,39.08,28.38,7.5,682.2,5
72,2025-12-17 15:08:00.710679,S-02,1,43.66,28.01,10.5,652.3,40
73,2025-12-17 15:53:00.710679,S-02,3,34.42,30.61,14.4,627.3,5
74,2025-12-17 16:38:00.710679,S-02,2,52.76,20.32,18.5,331.0,0
75,2025-12-17 17:23:00.710679,S-03,1,58.34,20.72,32.6,136.7,0
76,2025-12-17 18:08:00.710679,S-02,2,63.84,20.13,14.8,119.9,5
77,2025-12-17 18:53:00.710679,S-01,3,57.9,21.21,12.2,42.9,40
78,2025-12-17 19:38:00.710679,S-01,1,61.26,14.18,15.9,0.0,5
79,2025-12-17 20:23:00.710679,S-02,1,71.99,12.94,19.8,22.5,12
80,2025-12-17 21:08:00.710679,S-02,2,73.16,12.23,15.1,63.9,0
81,2025-12-17 21:53:00.710679,S-02,1,76.4,10.29,2.1,12.9,40
82,2025-12-17 22:38:00.710679,S-03,2,78.22,12.04,13.6,4.0,40
83,2025-12-17 23:23:00.710679,S-01,2,85.65,11.55,33.2,0.0,0
84,2025-12-18 00:08:00.710679,S-03,2,77.78,12.47,14.3,50.3,12
85,2025-12-18 00:53:00.710679,S-03,2,80.39,7.68,20.2,0.0,12
86,2025-12-18 01:38:00.710679,S-01,3,78.94,10.06,3.9,49.6,0
87,2025-12-18 02:23:00.710679,S-01,3,82.64,9.51,12.3,0.0,0
88,2025-12-18 03:08:00.710679,S-01,1,66.53,12.3,16.6,0.0,0
89,2025-12-18 03:53:00.710679,S-02,1,78.43,13.55,20.1,54.1,0
90,2025-12-18 04:38:00.710679,S-02,2,64.82,17.75,31.7,0.0,40
91,2025-12-18 05:23:00.710679,S-01,3,54.15,20.41,21.6,6.4,0
92,2025-12-18 06:08:00.710679,S-02,3,63.65,20.53,13.3,15.2,5
93,2025-12-18 06:53:00.710679,S-01,3,66.35,21.61,37.5,24.6,40
94,2025-12-18 07:38:00.710679,S-03,2,58.53,22.99,13.3,283.0,40
95,2025-12-18 08:23:00.710679,S-03,1,52.92,23.59,27.3,367.3,0
96,2025-12-18 09:08:00.710679,S-03,3,45.71,25.36,5.9,586.7,12
97,2025-12-18 09:53:00.710679,S-01,1,40.55,25.99,12.6,660.6,0
98,2025-12-18 10:38:00.710679,S-02,2,52.76,26.03,32.8,712.9,0
99,2025-12-18 11:23:00.710679,S-01,1,36.44,29.46,5.9,775.4,12
100,2025-12-18 12:08:00.710679,S-02,1,36.65,28.53,18.3,790.9,12
101,2025-12-18 12:53:00.710679,S-02,1,38.11,29.52,1.9,724.3,12
102,2025-12-18 13:38:00.710679,S-01,3,35.57,29.23,7.1,772.4,40
103,2025-12-18 14:23:00.710679,S-01,1,32.0,30.24,17.2,681.5,0
104,2025-12-18 15:08:00.710679,S-02,1,48.34,28.67,6.6,488.9,40
105,2025-12-18 15:53:00.710679,S-02,2,41.75,28.44,4.7,504.8,0
106,2025-12-18 16:38:00.710679,S-03,2,41.87,26.71,10.5,369.4,0
107,2025-12-18 17:23:00.710679,S-01,1,56.49,21.33,7.3,193.6,0
108,2025-12-18 18:08:00.710679,S-01,3,63.12,18.27,2.6,56.5,0
109,2025-12-18 18:53:00.710679,S-01,2,57.24,17.79,36.6,81.8,0
110,2025-12-18 19:38:00.710679,S-02,1,66.8,18.26,13.2,0.0,40
111,2025-12-18 20:23:00.710679,S-02,1,70.02,15.84,12.4,37.2,12
112,2025-12-18 21:08:00.710679,S-03,2,81.22,11.42,18.1,0.6,40
113,2025-12-18 21:53:00.710679,S-03,2,75.81,11.14,10.1,0.0,0
114,2025-12-18 22:38:00.710679,S-02,2,72.74,11.59,12.4,98.9,5
115,2025-12-18 23:23:00.710679,S-01,1,69.51,14.53,9.0,0.0,12
116,2025-12-19 00:08:00.710679,S-02,1,60.0,11.97,16.4,0.0,0
117,2025-12-19 00:53:00.710679,S-02,2,78.17,10.61,15.4,30.3,12
118,2025-12-19 01:38:00.710679,S-02,3,71.38,9.52,34.2,0.0,5
119,2025-12-19 02:23:00.710679,S-02,3,85.71,10.74,17.8,25.3,40
120,2025-12-19 03:08:00.710679,S-02,1,76.34,13.18,3.7,78.8,0
121,2025-12-19 03:53:00.710679,S-03,1,74.22,12.75,8.5,0.0,12
122,2025-12-19 04:38:00.710679,S-01,2,76.72,10.21,16.6,9.5,0
123,2025-12-19 05:23:00.710679,S-02,2,70.33,18.8,7.7,28.6,0
124,2025-12-19 06:08:00.710679,S-02,3,58.44,20.61,21.2,0.0,0
125,2025-12-19 06:53:00.710679,S-03,1,61.01,21.03,20.0,0.0,0
126,2025-12-19 07:38:00.710679,S-01,2,44.71,24.04,1.6,243.5,12
127,2025-12-19 08:23:00.710679,S-01,1,58.17,24.16,18.3,328.9,0
128,2025-12-19 09:08:00.710679,S-02,2,53.04,25.65,3.1,586.4,0
129,2025-12-19 09:53:00.710679,S-02,2,53.31,24.77,11.3,495.8,0
130,2025-12-19 10:38:00.710679,S-02,2,46.69,25.3,14.2,670.9,0
131,2025-12-19 11:23:00.710679,S-03,1,41.68,31.28,26.2,777.6,0
132,2025-12-19 12:08:00.710679,S-02,3,30.0,32.86,18.7,787.6,0
133,2025-12-19 12:53:00.710679,S-01,1,39.31,33.73,30.3,805.6,12
134,2025-12-19 13:38:00.710679,S-03,3,38.57,31.27,23.9,790.7,0
135,2025-12-19 14:23:00.710679,S-02,2,55.9,24.86,19.2,632.0,40
136,2025-12-19 15:08:00.710679,S-02,3,41.14,26.87,21.4,603.9,12
137,2025-12-19 15:53:00.710679,S-03,3,46.75,25.41,23.9,568.9,40
138,2025-12-19 16:38:00.710679,S-03,3,45.48,26.06,18.8,435.1,0
139,2025-12-19 17:23:00.710679,S-03,1,53.95,21.34,17.2,193.8,0
140,2025-12-19 18:08:00.710679,S-02,1,67.0,17.07,22.3,0.0,0
141,2025-12-19 18:53:00.710679,S-01,1,64.27,21.52,14.1,0.0,12
142,2025-12-19 19:38:00.710679,S-03,3,66.66,16.25,0.8,0.0,12
143,2025-12-19 20:23:00.710679,S-02,2,68.05,17.18,30.3,0.0,12
144,2025-12-19 21:08:00.710679,S-03,1,68.23,15.52,29.7,0.0,0
145,2025-12-19 21:53:00.710679,S-03,2,67.0,13.41,9.3,18.7,0
146,2025-12-19 22:38:00.710679,S-02,1,77.65,9.21,15.5,0.0,40
147,2025-12-19 23:23:00.710679,S-01,1,69.56,12.42,15.8,0.0,12
148,2025-12-20 00:08:00.710679,S-02,1,87.33,7.99,10.7,0.0,0
149,2025-12-20 00:53:00.710679,S-03,1,86.53,9.15,9.6,0.0,5
150,2025-12-20 01:38:00.710679,S-03,3,73.2,11.04,17.5,0.0,0
151,2025-12-20 02:23:00.710679,S-01,2,85.07,12.65,9.4,0.0,12
152,2025-12-20 03:08:00.710679,S-01,3,76.72,272.0,8.4,48.0,0
153,2025-12-20 03:53:00.710679,S-02,2,75.8,13.08,14.3,0.0,0
154,2025-12-20 04:38:00.710679,S-03,1,48.54,23.7,14.9,31.7,0
155,2025-12-20 05:23:00.710679,S-02,1,72.26,15.16,11.0,67.6,0
156,2025-12-20 06:08:00.710679,S-01,1,62.04,18.69,3.0,34.3,0
157,2025-12-20 06:53:00.710679,S-02,2,59.7,19.94,12.4,76.6,40
158,2025-12-20 07:38:00.710679,S-03,3,43.81,22.88,18.4,215.1,0
159,2025-12-20 08:23:00.710679,S-01,1,49.41,25.28,12.9,395.1,12
160,2025-12-20 09:08:00.710679,S-02,1,58.84,21.82,17.9,421.8,0
161,2025-12-20 09:53:00.710679,S-03,3,51.45,27.19,12.7,591.3,0
162,2025-12-20 10:38:00.710679,S-03,1,34.98,29.63,5.2,712.7,0
163,2025-12-20 11:23:00.710679,S-02,3,43.95,31.01,3.5,774.9,12
164,2025-12-20 12:08:00.710679,S-02,1,30.0,33.95,1.0,803.0,12
165,2025-12-20 12:53:00.710679,S-02,3,43.15,28.71,1.6,717.7,40
166,2025-12-20 13:38:00.710679,S-03,3,39.21,32.42,6.1,814.8,0
167,2025-12-20 14:23:00.710679,S-03,1,58.92,26.77,11.4,592.4,40
168,2025-12-20 15:08:00.710679,S-03,1,45.53,26.61,20.1,580.1,40
169,2025-12-20 15:53:00.710679,S-03,2,47.76,26.32,27.1,563.8,0
170,2025-12-20 16:38:00.710679,S-01,1,53.4,26.22,21.4,409.9,0
171,2025-12-20 17:23:00.710679,S-03,2,47.55,23.5,8.0,158.9,40
172,2025-12-20 18:08:00.710679,S-02,1,59.09,18.05,4.6,0.0,0
173,2025-12-20 18:53:00.710679,S-03,2,,21.6,23.0,0.0,0
174,2025-12-20 19:38:00.710679,S-02,2,67.51,17.04,10.8,54.1,0
175,2025-12-20 20:23:00.710679,S-01,2,74.7,13.62,17.8,34.7,5
176,2025-12-20 21:08:00.710679,S-02,3,78.77,11.84,17.3,4.6,0
177,2025-12-20 21:53:00.710679,S-03,2,81.0,10.54,18.1,0.0,0
178,2025-12-20 22:38:00.710679,S-01,2,89.07,8.01,13.2,48.9,0
179,2025-12-20 23:23:00.710679,S-01,2,87.98,10.37,12.0,37.2,0
180,2025-12-21 00:08:00.710679,S-03,2,84.57,8.28,3.4,0.0,0
181,2025-12-21 00:53:00.710679,S-03,1,82.58,7.96,24.8,135.7,0
182,2025-12-21 01:38:00.710679,S-02,2,83.43,10.51,9.3,36.5,0
183,2025-12-21 02:23:00.710679,S-01,2,78.03,10.43,16.0,75.3,0
184,2025-12-21 03:08:00.710679,S-01,1,67.11,16.5,29.9,0.0,0
185,2025-12-21 03:53:00.710679,S-03,1,72.8,17.03,17.3,0.0,0
186,2025-12-21 04:38:00.710679,S-01,1,80.09,11.38,20.7,8.3,0
187,2025-12-21 05:23:00.710679,S-02,1,72.54,15.42,9.1,0.0,0
188,2025-12-21 06:08:00.710679,S-02,2,,222.0,23.9,12.8,0
189,2025-12-21 06:53:00.710679,S-01,3,51.98,18.6,6.4,0.0,0
190,2025-12-21 07:38:00.710679,S-03,1,56.67,21.1,1.6,160.7,0
191,2025-12-21 08:23:00.710679,S-02,3,47.4,25.67,34.7,360.0,12
192,2025-12-21 09:08:00.710679,S-03,3,41.98,26.67,9.1,502.0,40
193,2025-12-21 09:53:00.710679,S-02,3,44.99,26.67,7.5,609.7,5
194,2025-12-21 10:38:00.710679,S-01,1,36.73,30.68,26.6,678.3,40
195,2025-12-21 11:23:00.710679,S-02,2,42.28,27.58,9.8,843.9,0
196,2025-12-21 12:08:00.710679,S-03,1,45.22,31.31,29.4,825.9,12
197,2025-12-21 12:53:00.710679,S-02,2,41.01,29.46,11.1,852.0,40
198,2025-12-21 13:38:00.710679,S-03,1,36.83,28.76,13.5,720.5,0
199,2025-12-21 14:23:00.710679,S-02,3,38.77,28.32,0.3,738.3,40
200,2025-12-21 15:08:00.710679,S-03,1,37.51,26.3,18.6,586.8,40
201,2025-12-21 15:53:00.710679,S-03,2,37.83,28.32,15.5,555.7,0
202,2025-12-21 16:38:00.710679,S-01,1,53.64,23.14,20.8,456.3,0
203,2025-12-21 17:23:00.710679,S-02,3,44.71,22.45,30.5,244.0,0
204,2025-12-21 18:08:00.710679,S-03,2,66.9,18.95,5.1,120.4,0
205,2025-12-21 18:53:00.710679,S-03,2,62.08,21.59,26.8,0.0,0
206,2025-12-21 19:38:00.710679,S-01,1,55.04,19.99,23.4,9.9,0
207,2025-12-21 20:23:00.710679,S-02,1,68.08,14.12,12.2,19.6,0
208,2025-12-21 21:08:00.710679,S-03,1,74.44,11.23,22.4,108.6,5
209,2025-12-21 21:53:00.710679,S-03,2,65.78,16.34,24.6,30.9,5
210,2025-12-21 22:38:00.710679,S-03,2,73.3,12.74,26.0,0.0,0
211,2025-12-21 23:23:00.710679,S-03,1,89.33,7.3,10.2,1.4,12
212,2025-12-22 00:08:00.710679,S-01,1,68.05,13.61,0.3,16.8,12
213,2025-12-22 00:53:00.710679,S-02,2,75.39,11.66,15.6,0.0,5
214,2025-12-22 01:38:00.710679,S-02,1,73.31,14.14,28.4,44.6,0
215,2025-12-22 02:23:00.710679,S-02,1,64.23,9.97,11.1,0.0,0
216,2025-12-22 03:08:00.710679,S-02,2,80.89,13.83,17.8,42.6,40
217,2025-12-22 03:53:00.710679,S-03,2,82.37,9.67,18.8,0.0,0
218,2025-12-22 04:38:00.710679,S-03,2,70.92,14.53,19.3,63.3,0
219,2025-12-22 05:23:00.710679,S-01,3,64.91,19.03,15.0,7.5,5
220,2025-12-22 06:08:00.710679,S-03,3,71.06,19.33,32.4,85.5,0
221,2025-12-22 06:53:00.710679,S-01,3,64.93,238.0,5.8,19.8,40
222,2025-12-22 07:38:00.710679,S-02,1,63.08,22.11,8.2,186.7,40
223,2025-12-22 08:23:00.710679,S-03,3,48.01,27.24,14.3,466.4,0
224,2025-12-22 09:08:00.710679,S-01,2,44.38,27.92,8.1,536.6,0
225,2025-12-22 09:53:00.710679,S-02,3,37.61,28.91,17.0,558.5,0
226,2025-12-22 10:38:00.710679,S-03,1,50.57,28.44,27.9,732.6,0
227,2025-12-22 11:23:00.710679,S-01,3,51.93,26.4,23.1,739.5,5
228,2025-12-22 12:08:00.710679,S-03,3,41.27,28.29,33.8,741.1,5
229,2025-12-22 12:53:00.710679,S-01,1,49.41,28.26,19.7,775.0,0
230,2025-12-22 13:38:00.710679,S-01,1,30.86,34.15,20.8,745.6,40
231,2025-12-22 14:23:00.710679,S-02,3,30.0,32.24,32.5,650.7,12
232,2025-12-22 15:08:00.710679,S-02,2,53.92,24.99,30.3,533.7,0
233,2025-12-22 15:53:00.710679,S-03,3,50.58,28.28,23.8,573.1,0
234,2025-12-22 16:38:00.710679,S-02,3,56.49,22.9,11.9,422.1,0
235,2025-12-22 17:23:00.710679,S-01,1,56.99,22.06,8.1,235.0,12
236,2025-12-22 18:08:00.710679,S-02,1,51.12,18.41,16.2,59.2,0
237,2025-12-22 18:53:00.710679,S-03,2,65.44,17.55,23.3,0.0,40
238,2025-12-22 19:38:00.710679,S-02,1,65.97,15.97,9.4,52.3,0
239,2025-12-22 20:23:00.710679,S-02,1,62.27,15.02,8.6,23.6,40
240,2025-12-22 21:08:00.710679,S-02,3,71.97,12.83,20.2,0.0,5
241,2025-12-22 21:53:00.710679,S-01,3,79.18,12.47,23.8,63.5,5
242,2025-12-22 22:38:00.710679,S-03,1,82.92,13.01,23.0,0.0,0
243,2025-12-22 23:23:00.710679,S-01,1,79.17,9.4,22.7,40.5,0
244,2025-12-23 00:08:00.710679,S-01,3,69.81,12.2,4.5,0.0,0
245,2025-12-23 00:53:00.710679,S-01,1,82.4,6.2,14.0,0.0,0
246,2025-12-23 01:38:00.710679,S-03,3,78.77,11.67,27.4,0.0,0
247,2025-12-23 02:23:00.710679,S-02,2,77.94,12.78,23.8,0.0,12
248,2025-12-23 03:08:00.710679,S-03,3,72.2,14.66,12.7,0.0,40
249,2025-12-23 03:53:00.710679,S-02,1,66.16,14.66,17.4,0.0,5
250,2025-12-23 04:38:00.710679,S-01,1,64.55,15.4,9.1,0.0,40
251,2025-12-23 05:23:00.710679,S-02,1,70.12,17.04,4.9,8.4,12
252,2025-12-23 06:08:00.710679,S-01,3,65.64,20.98,6.2,36.7,0
253,2025-12-23 06:53:00.710679,S-01,1,61.1,19.82,10.2,0.0,12
254,2025-12-23 07:38:00.710679,S-02,3,49.89,20.91,13.6,266.5,12
255,2025-12-23 08:23:00.710679,S-03,1,46.79,26.37,21.8,401.0,12
256,2025-12-23 09:08:00.710679,S-02,3,43.67,28.02,24.2,530.9,12
257,2025-12-23 09:53:00.710679,S-01,3,57.21,24.31,4.0,566.1,0
258,2025-12-23 10:38:00.710679,S-01,1,40.98,30.36,16.8,715.0,12
259,2025-12-23 11:23:00.710679,S-01,2,36.6,29.95,18.2,684.0,0
260,2025-12-23 12:08:00.710679,S-02,1,40.38,29.32,23.8,698.0,40
261,2025-12-23 12:53:00.710679,S-03,2,45.05,28.58,32.9,829.0,0
262,2025-12-23 13:38:00.710679,S-03,1,30.0,32.49,25.4,812.9,0
263,2025-12-23 14:23:00.710679,S-03,1,34.26,32.52,17.0,647.2,0
264,2025-12-23 15:08:00.710679,S-03,2,53.65,23.46,12.2,557.6,0
265,2025-12-23 15:53:00.710679,S-02,1,41.85,27.73,32.4,568.6,0
266,2025-12-23 16:38:00.710679,S-02,3,50.74,21.86,20.1,458.6,5
267,2025-12-23 17:23:00.710679,S-02,2,62.22,22.71,20.5,145.3,0
268,2025-12-23 18:08:00.710679,S-01,3,58.95,23.69,22.4,63.7,40
269,2025-12-23 18:53:00.710679,S-02,1,72.16,22.22,3.9,0.0,0
270,2025-12-23 19:38:00.710679,S-02,3,61.92,350.0,14.5,0.0,0
271,2025-12-23 20:23:00.710679,S-02,1,56.01,17.37,23.5,26.9,0
272,2025-12-23 21:08:00.710679,S-03,2,74.56,13.58,13.8,0.0,5
273,2025-12-23 21:53:00.710679,S-02,2,80.02,10.06,1.4,0.0,0
274,2025-12-23 22:38:00.710679,S-03,2,80.08,10.95,17.1,100.8,0
275,2025-12-23 23:23:00.710679,S-03,2,70.05,11.15,7.2,0.0,0
276,2025-12-24 00:08:00.710679,S-01,1,91.24,8.0,6.6,0.0,40
277,2025-12-24 00:53:00.710679,S-03,3,77.9,11.33,12.0,0.0,0
278,2025-12-24 01:38:00.710679,S-03,3,77.29,8.31,10.3,75.3,0
279,2025-12-24 02:23:00.710679,S-03,3,82.15,12.26,35.1,0.0,40
280,2025-12-24 03:08:00.710679,S-02,2,75.65,9.96,32.6,92.5,0
281,2025-12-24 03:53:00.710679,S-01,3,65.82,15.58,4.7,0.0,5
282,2025-12-24 04:38:00.710679,S-02,3,73.93,12.63,5.7,18.0,0
283,2025-12-24 05:23:00.710679,S-03,1,63.74,17.88,0.6,34.3,0
284,2025-12-24 06:08:00.710679,S-03,2,62.17,18.94,8.8,0.0,0
285,2025-12-24 06:53:00.710679,S-03,1,54.39,20.41,14.7,109.6,12
286,2025-12-24 07:38:00.710679,S-02,3,52.85,24.16,36.5,95.3,0
287,2025-12-24 08:23:00.710679,S-02,2,65.02,21.95,14.7,375.9,40
288,2025-12-24 09:08:00.710679,S-03,3,39.83,28.28,6.8,652.4,5
289,2025-12-24 09:53:00.710679,S-02,1,44.36,27.39,21.7,602.5,5
290,2025-12-24 10:38:00.710679,S-03,1,39.74,30.4,1.5,734.3,12
291,2025-12-24 11:23:00.710679,S-01,2,39.71,26.85,29.9,750.6,12
292,2025-12-24 12:08:00.710679,S-03,1,45.08,31.09,1.1,839.9,40
293,2025-12-24 12:53:00.710679,S-03,2,46.88,30.78,6.0,824.2,0
294,2025-12-24 13:38:00.710679,S-01,2,43.15,29.02,5.9,650.9,5
295,2025-12-24 14:23:00.710679,S-01,2,53.19,342.0,6.8,733.8,0
296,2025-12-24 15:08:00.710679,S-02,3,46.78,27.56,10.7,601.6,5
297,2025-12-24 15:53:00.710679,S-01,3,53.01,23.8,11.4,609.7,0
298,2025-12-24 16:38:00.710679,S-02,1,46.37,24.87,24.0,358.9,0
299,2025-12-24 17:23:00.710679,S-03,3,48.88,22.69,18.9,186.5,0
300,2025-12-24 18:08:00.710679,S-01,2,60.52,20.83,7.0,40.2,0
301,2025-12-24 18:53:00.710679,S-02,3,64.18,17.8,2.4,0.0,40
302,2025-12-24 19:38:00.710679,S-03,3,72.57,16.16,14.1,17.3,40
303,2025-12-24 20:23:00.710679,S-03,2,63.0,17.58,23.7,0.0,0
304,2025-12-24 21:08:00.710679,S-01,1,83.34,11.2,6.9,0.0,5
305,2025-12-24 21:53:00.710679,S-01,3,74.77,12.89,12.3,10.4,5
306,2025-12-24 22:38:00.710679,S-03,3,64.47,14.4,0.7,0.0,0
307,2025-12-24 23:23:00.710679,S-01,2,85.71,9.22,1.8,0.0,0
308,2025-12-25 00:08:00.710679,S-03,1,82.1,11.41,14.3,20.9,40
309,2025-12-25 00:53:00.710679,S-01,3,79.72,10.14,19.0,53.4,5
310,2025-12-25 01:38:00.710679,S-03,3,78.65,448.0,10.9,39.8,12
311,2025-12-25 02:23:00.710679,S-02,1,82.3,12.9,2.6,0.0,0
312,2025-12-25 03:08:00.710679,S-02,1,75.73,13.15,7.3,0.0,40
313,2025-12-25 03:53:00.710679,S-02,3,68.77,12.74,27.5,40.8,0
314,2025-12-25 04:38:00.710679,S-02,1,73.39,14.52,18.9,41.5,0
315,2025-12-25 05:23:00.710679,S-02,1,73.33,16.0,33.5,0.0,5
316,2025-12-25 06:08:00.710679,S-03,3,68.72,17.65,12.8,0.0,0
317,2025-12-25 06:53:00.710679,S-01,1,73.31,16.43,9.8,6.1,0
318,2025-12-25 07:38:00.710679,S-03,3,54.05,23.82,8.0,207.7,0
319,2025-12-25 08:23:00.710679,S-03,2,53.26,23.94,0.5,390.5,40
320,2025-12-25 09:08:00.710679,S-02,1,43.31,27.09,19.3,529.0,0
321,2025-12-25 09:53:00.710679,S-03,2,57.91,25.12,7.5,535.2,0
322,2025-12-25 10:38:00.710679,S-02,2,39.84,32.08,8.9,603.4,12
323,2025-12-25 11:23:00.710679,S-01,2,40.15,30.73,23.5,739.0,5
324,2025-12-25 12:08:00.710679,S-02,2,,28.54,22.6,737.0,0
325,2025-12-25 12:53:00.710679,S-02,3,55.19,30.05,11.1,683.9,5
326,2025-12-25 13:38:00.710679,S-01,3,48.52,26.09,20.1,702.9,0
327,2025-12-25 14:23:00.710679,S-02,1,40.0,27.18,1.7,709.0,40
328,2025-12-25 15:08:00.710679,S-02,3,49.06,26.77,3.8,557.0,12
329,2025-12-25 15:53:00.710679,S-02,2,45.13,27.49,4.5,551.1,0
330,2025-12-25 16:38:00.710679,S-03,3,46.95,22.66,14.3,321.1,0
331,2025-12-25 17:23:00.710679,S-02,2,60.54,23.01,3.9,144.3,0
332,2025-12-25 18:08:00.710679,S-02,1,57.03,18.17,35.5,0.0,0
333,2025-12-25 18:53:00.710679,S-01,1,55.69,21.73,16.1,0.0,40
334,2025-12-25 19:38:00.710679,S-01,1,63.39,18.33,6.9,0.0,0
335,2025-12-25 20:23:00.710679,S-01,2,73.4,14.82,10.4,0.0,0
336,2025-12-25 21:08:00.710679,S-02,1,75.88,14.22,6.6,0.0,0
337,2025-12-25 21:53:00.710679,S-03,3,,15.85,29.6,72.5,40
338,2025-12-25 22:38:00.710679,S-03,2,70.67,13.28,11.0,8.1,0
339,2025-12-25 23:23:00.710679,S-01,2,87.87,9.49,3.6,22.1,5
340,2025-12-26 00:08:00.710679,S-02,3,77.02,11.45,20.1,13.7,0
341,2025-12-26 00:53:00.710679,S-02,3,68.1,13.3,9.5,31.2,0
342,2025-12-26 01:38:00.710679,S-02,2,82.57,12.28,24.1,64.1,0
343,2025-12-26 02:23:00.710679,S-01,3,82.32,12.57,17.6,45.8,0
344,2025-12-26 03:08:00.710679,S-01,2,78.12,11.65,25.7,0.0,0
345,2025-12-26 03:53:00.710679,S-02,3,72.66,12.64,11.6,0.0,40
346,2025-12-26 04:38:00.710679,S-03,3,86.25,14.36,12.0,0.0,12
347,2025-12-26 05:23:00.710679,S-01,1,62.23,16.22,23.6,0.0,12
348,2025-12-26 06:08:00.710679,S-01,3,49.66,25.09,28.0,0.0,12
349,2025-12-26 06:53:00.710679,S-03,3,,16.82,16.0,0.0,0
350,2025-12-26 07:38:00.710679,S-02,3,52.25,22.08,5.3,117.6,0
351,2025-12-26 08:23:00.710679,S-01,2,57.27,24.58,8.3,329.0,0
352,2025-12-26 09:08:00.710679,S-02,3,43.63,31.32,32.4,572.5,12
353,2025-12-26 09:53:00.710679,S-03,1,34.09,28.47,15.6,572.7,40
354,2025-12-26 10:38:00.710679,S-02,2,37.72,29.22,2.3,632.5,0
355,2025-12-26 11:23:00.710679,S-03,2,44.78,31.07,11.7,688.0,0
356,2025-12-26 12:08:00.710679,S-02,3,34.87,30.69,21.8,769.7,0
357,2025-12-26 12:53:00.710679,S-03,1,40.19,30.01,18.5,842.0,40
358,2025-12-26 13:38:00.710679,S-03,2,38.1,32.41,12.8,809.7,0
359,2025-12-26 14:23:00.710679,S-03,2,39.8,32.46,1.3,681.5,5
360,2025-12-26 15:08:00.710679,S-02,2,52.79,27.16,20.7,678.1,0
361,2025-12-26 15:53:00.710679,S-01,1,46.02,28.68,16.5,620.7,40
362,2025-12-26 16:38:00.710679,S-01,3,39.1,25.59,26.5,457.0,5
363,2025-12-26 17:23:00.710679,S-03,3,49.25,23.87,23.7,314.8,0
364,2025-12-26 18:08:00.710679,S-02,3,50.35,21.8,6.4,0.0,0
365,2025-12-26 18:53:00.710679,S-01,3,65.48,20.72,4.3,0.0,12
366,2025-12-26 19:38:00.710679,S-03,2,66.84,17.4,0.6,3.3,0
367,2025-12-26 20:23:00.710679,S-03,3,73.51,13.7,12.4,38.2,0
368,2025-12-26 21:08:00.710679,S-01,1,62.11,14.9,25.5,0.0,5
369,2025-12-26 21:53:00.710679,S-02,2,69.08,12.13,11.8,0.0,5
370,2025-12-26 22:38:00.710679,S-02,1,73.48,12.15,22.1,59.0,5
371,2025-12-26 23:23:00.710679,S-03,1,80.91,9.4,12.0,0.5,0
372,2025-12-27 00:08:00.710679,S-01,3,65.41,11.85,31.4,0.0,40
373,2025-12-27 00:53:00.710679,S-02,1,79.13,9.51,11.7,0.0,0
374,2025-12-27 01:38:00.710679,S-03,1,67.62,11.1,29.9,0.0,5
375,2025-12-27 02:23:00.710679,S-02,3,78.32,14.0,1.2,0.0,0
376,2025-12-27 03:08:00.710679,S-02,3,77.21,12.32,15.0,0.0,12
377,2025-12-27 03:53:00.710679,S-02,1,75.9,15.66,14.3,0.0,40
378,2025-12-27 04:38:00.710679,S-01,2,62.41,18.74,5.4,0.0,5
379,2025-12-27 05:23:00.710679,S-02,2,70.49,14.86,1.0,0.0,40
380,2025-12-27 06:08:00.710679,S-03,2,58.77,21.78,6.5,34.9,5
381,2025-12-27 06:53:00.710679,S-03,3,60.44,21.6,11.7,0.0,5
382,2025-12-27 07:38:00.710679,S-02,3,59.3,22.15,7.0,167.3,0
383,2025-12-27 08:23:00.710679,S-02,3,47.56,23.41,12.3,477.6,0
384,2025-12-27 09:08:00.710679,S-02,1,35.49,28.96,7.1,494.4,0
385,2025-12-27 09:53:00.710679,S-03,1,40.53,28.35,12.6,517.6,5
386,2025-12-27 10:38:00.710679,S-02,2,47.6,28.0,15.1,771.8,0
387,2025-12-27 11:23:00.710679,S-01,1,39.92,28.4,21.4,818.2,0
388,2025-12-27 12:08:00.710679,S-01,2,43.67,30.48,4.9,718.1,40
389,2025-12-27 12:53:00.710679,S-03,1,32.96,28.49,20.0,820.1,12
390,2025-12-27 13:38:00.710679,S-01,1,40.25,30.11,7.3,727.2,0
391,2025-12-27 14:23:00.710679,S-03,1,39.86,28.56,9.6,655.3,5
392,2025-12-27 15:08:00.710679,S-03,1,36.26,28.74,15.8,565.8,40
393,2025-12-27 15:53:00.710679,S-02,3,45.68,27.18,24.2,593.5,0
394,2025-12-27 16:38:00.710679,S-02,1,36.58,28.52,5.5,392.0,0
395,2025-12-27 17:23:00.710679,S-01,2,44.55,26.51,19.8,202.8,40
396,2025-12-27 18:08:00.710679,S-03,2,61.2,20.38,17.2,0.0,0
397,2025-12-27 18:53:00.710679,S-01,1,63.88,18.27,3.7,60.9,0
398,2025-12-27 19:38:00.710679,S-03,1,74.41,16.77,5.8,13.7,12
399,2025-12-27 20:23:00.710679,S-03,2,77.61,15.42,2.4,57.6,40
400,2025-12-27 21:08:00.710679,S-01,2,67.21,14.57,25.2,0.0,40
401,2025-12-27 21:53:00.710679,S-02,1,75.9,12.07,17.9,119.1,0
402,2025-12-27 22:38:00.710679,S-02,2,85.78,11.55,1.2,0.0,5
403,2025-12-27 23:23:00.710679,S-03,1,78.53,11.13,12.9,0.0,40
404,2025-12-28 00:08:00.710679,S-01,1,77.02,11.39,10.2,23.6,0
405,2025-12-28 00:53:00.710679,S-02,3,86.62,10.68,3.2,73.9,0
406,2025-12-28 01:38:00.710679,S-03,3,68.64,13.98,24.7,0.0,40
407,2025-12-28 02:23:00.710679,S-03,3,84.19,9.3,8.5,0.0,12
408,2025-12-28 03:08:00.710679,S-02,1,72.89,12.48,6.9,0.0,0
409,2025-12-28 03:53:00.710679,S-01,3,82.23,11.37,12.3,0.0,0
410,2025-12-28 04:38:00.710679,S-01,1,73.97,15.67,16.0,5.1,0
411,2025-12-28 05:23:00.710679,S-01,2,69.85,171.0,10.0,33.1,12
412,2025-12-28 06:08:00.710679,S-01,1,57.74,21.18,0.0,130.5,0
413,2025-12-28 06:53:00.710679,S-02,3,57.06,19.96,8.9,58.6,0
414,2025-12-28 07:38:00.710679,S-03,2,45.26,25.29,38.9,207.5,0
415,2025-12-28 08:23:00.710679,S-03,2,57.04,23.1,24.9,442.3,0
416,2025-12-28 09:08:00.710679,S-02,1,37.38,28.82,20.1,639.1,0
417,2025-12-28 09:53:00.710679,S-02,1,55.84,27.34,11.6,584.3,0
418,2025-12-28 10:38:00.710679,S-01,3,45.93,26.02,16.2,824.2,0
419,2025-12-28 11:23:00.710679,S-03,3,47.21,30.65,3.0,802.9,0
420,2025-12-28 12:08:00.710679,S-01,1,36.39,29.75,12.3,780.7,40
421,2025-12-28 12:53:00.710679,S-02,3,42.22,31.09,9.3,824.4,40
422,2025-12-28 13:38:00.710679,S-01,1,44.9,29.54,9.7,785.1,0
423,2025-12-28 14:23:00.710679,S-03,1,50.88,28.97,14.3,696.9,0
424,2025-12-28 15:08:00.710679,S-01,2,38.59,28.43,19.4,493.1,5
425,2025-12-28 15:53:00.710679,S-02,2,51.57,27.85,0.7,570.8,0
426,2025-12-28 16:38:00.710679,S-01,2,48.63,24.73,22.6,362.9,5
427,2025-12-28 17:23:00.710679,S-03,3,56.58,22.7,21.4,178.5,0
428,2025-12-28 18:08:00.710679,S-01,1,52.45,334.0,17.0,11.8,0
429,2025-12-28 18:53:00.710679,S-03,1,53.43,20.92,3.3,3.5,0
430,2025-12-28 19:38:00.710679,S-02,1,68.01,17.02,23.1,0.0,0
431,2025-12-28 20:23:00.710679,S-02,2,67.84,15.91,20.8,0.0,40
432,2025-12-28 21:08:00.710679,S-01,2,73.37,13.71,7.0,0.0,12
433,2025-12-28 21:53:00.710679,S-03,1,73.57,12.85,19.3,0.0,0
434,2025-12-28 22:38:00.710679,S-01,2,73.26,11.51,32.3,0.0,0
435,2025-12-28 23:23:00.710679,S-03,3,82.02,10.14,26.6,0.0,0
436,2025-12-29 00:08:00.710679,S-02,3,72.3,12.87,12.3,0.0,40
437,2025-12-29 00:53:00.710679,S-01,1,87.73,8.26,25.3,2.9,0
438,2025-12-29 01:38:00.710679,S-02,2,81.09,10.95,12.8,0.0,0
439,2025-12-29 02:23:00.710679,S-03,3,89.77,7.92,16.0,0.0,5
440,2025-12-29 03:08:00.710679,S-01,2,68.19,16.28,11.6,46.7,40
441,2025-12-29 03:53:00.710679,S-03,2,62.34,15.3,23.8,0.0,5
442,2025-12-29 04:38:00.710679,S-03,1,69.89,16.63,32.6,25.5,0
443,2025-12-29 05:23:00.710679,S-03,3,68.05,16.99,15.0,30.0,0
444,2025-12-29 06:08:00.710679,S-02,3,57.94,20.35,3.8,87.1,0
445,2025-12-29 06:53:00.710679,S-02,2,65.23,19.47,22.1,57.6,0
446,2025-12-29 07:38:00.710679,S-02,1,60.95,21.53,17.3,153.7,0
447,2025-12-29 08:23:00.710679,S-02,3,50.5,25.94,16.2,432.0,5
448,2025-12-29 09:08:00.710679,S-01,1,44.71,489.0,32.4,550.7,5
449,2025-12-29 09:53:00.710679,S-01,3,45.95,27.1,0.1,541.2,0
450,2025-12-29 10:38:00.710679,S-01,2,53.08,25.72,10.9,777.7,0
451,2025-12-29 11:23:00.710679,S-01,1,47.97,27.69,23.1,813.6,0
452,2025-12-29 12:08:00.710679,S-02,2,51.38,28.95,15.0,785.3,0
453,2025-12-29 12:53:00.710679,S-02,3,40.65,31.38,28.7,816.2,0
454,2025-12-29 13:38:00.710679,S-01,1,32.42,33.24,10.2,826.5,5
455,2025-12-29 14:23:00.710679,S-01,3,43.38,27.48,16.7,659.8,0
456,2025-12-29 15:08:00.710679,S-03,2,48.15,28.48,10.7,599.6,0
457,2025-12-29 15:53:00.710679,S-02,3,42.09,32.13,4.4,567.5,5
458,2025-12-29 16:38:00.710679,S-02,3,60.35,21.88,10.1,441.8,40
459,2025-12-29 17:23:00.710679,S-02,3,51.85,22.93,0.4,272.1,5
460,2025-12-29 18:08:00.710679,S-01,2,56.71,243.0,11.8,0.0,0
461,2025-12-29 18:53:00.710679,S-02,3,69.6,18.51,18.2,19.9,0
462,2025-12-29 19:38:00.710679,S-01,3,61.42,16.9,15.5,10.0,12
463,2025-12-29 20:23:00.710679,S-02,2,73.51,16.38,13.2,22.7,0
464,2025-12-29 21:08:00.710679,S-02,2,84.15,9.61,19.7,13.1,0
465,2025-12-29 21:53:00.710679,S-01,2,72.11,11.25,2.6,45.4,0
466,2025-12-29 22:38:00.710679,S-01,3,88.13,9.77,24.7,0.0,0
467,2025-12-29 23:23:00.710679,S-01,1,77.99,8.07,21.8,0.0,0
468,2025-12-30 00:08:00.710679,S-02,2,76.67,11.86,14.4,82.2,12
469,2025-12-30 00:53:00.710679,S-02,1,88.65,8.27,9.5,0.0,40
470,2025-12-30 01:38:00.710679,S-01,1,70.65,11.61,16.5,0.0,0
471,2025-12-30 02:23:00.710679,S-01,2,83.93,8.33,18.0,61.4,0
472,2025-12-30 03:08:00.710679,S-01,2,65.15,14.83,0.0,32.5,0
473,2025-12-30 03:53:00.710679,S-03,2,73.04,15.73,7.4,0.0,0
474,2025-12-30 04:38:00.710679,S-02,3,78.75,12.34,15.9,19.1,5
475,2025-12-30 05:23:00.710679,S-03,3,70.41,18.05,28.0,0.0,0
476,2025-12-30 06:08:00.710679,S-03,3,68.48,17.91,25.3,70.1,5
477,2025-12-30 06:53:00.710679,S-03,1,52.76,22.0,8.6,6.2,5
478,2025-12-30 07:38:00.710679,S-03,1,42.33,25.0,15.4,281.6,5
479,2025-12-30 08:23:00.710679,S-01,3,48.81,25.88,18.8,484.5,0
480,2025-12-30 09:08:00.710679,S-02,1,50.43,24.79,3.2,598.8,0
481,2025-12-30 09:53:00.710679,S-02,1,30.0,29.47,14.7,680.1,40
482,2025-12-30 10:38:00.710679,S-02,3,39.02,30.02,1.2,782.3,0
483,2025-12-30 11:23:00.710679,S-02,3,35.99,28.72,27.1,717.9,0
484,2025-12-30 12:08:00.710679,S-02,2,30.0,34.63,30.0,814.3,0
485,2025-12-30 12:53:00.710679,S-03,1,39.21,30.3,33.1,825.6,5
486,2025-12-30 13:38:00.710679,S-03,3,36.18,30.82,26.1,853.7,0
487,2025-12-30 14:23:00.710679,S-01,2,38.43,29.21,21.1,745.4,40
488,2025-12-30 15:08:00.710679,S-03,2,50.03,26.98,5.0,506.0,0
489,2025-12-30 15:53:00.710679,S-02,3,48.28,23.96,13.7,524.9,40
490,2025-12-30 16:38:00.710679,S-03,3,62.69,24.01,26.6,412.7,0
491,2025-12-30 17:23:00.710679,S-01,1,51.53,22.09,16.6,205.0,5
492,2025-12-30 18:08:00.710679,S-01,1,56.28,21.7,10.4,0.0,12
493,2025-12-30 18:53:00.710679,S-03,1,73.81,17.93,10.9,0.0,12
494,2025-12-30 19:38:00.710679,S-02,1,56.69,20.45,15.2,0.0,0
495,2025-12-30 20:23:00.710679,S-01,3,71.39,13.86,15.4,0.0,5
496,2025-12-30 21:08:00.710679,S-02,1,81.06,13.9,21.4,59.1,5
497,2025-12-30 21:53:00.710679,S-03,3,74.97,10.48,7.6,0.0,0
498,2025-12-30 22:38:00.710679,S-01,1,76.79,12.0,20.6,0.0,0
499,2025-12-30 23:23:00.710679,S-02,1,69.75,10.24,2.8,84.5,0
500,2025-12-31 00:08:00.710679,S-02,1,82.59,11.74,8.3,0.0,0
501,2025-12-31 00:53:00.710679,S-03,1,76.13,11.15,12.7,0.0,12
502,2025-12-31 01:38:00.710679,S-01,3,74.39,11.49,8.1,11.7,0
503,2025-12-31 02:23:00.710679,S-01,2,75.76,11.77,21.1,21.7,12
504,2025-12-31 03:08:00.710679,S-01,3,82.47,12.12,10.7,7.1,0
505,2025-12-31 03:53:00.710679,S-01,2,73.96,12.22,15.6,23.2,40
506,2025-12-31 04:38:00.710679,S-01,1,72.04,182.0,5.1,0.0,0
507,2025-12-31 05:23:00.710679,S-03,3,69.04,19.94,18.7,0.0,12
508,2025-12-31 06:08:00.710679,S-02,3,59.19,20.38,25.1,0.0,12
509,2025-12-31 06:53:00.710679,S-03,1,51.18,21.48,8.0,0.0,0
510,2025-12-31 07:38:00.710679,S-03,3,53.18,24.87,13.2,242.5,12
511,2025-12-31 08:23:00.710679,S-02,1,52.0,21.82,8.7,377.7,0
512,2025-12-31 09:08:00.710679,S-01,1,49.99,21.84,27.6,553.7,0
513,2025-12-31 09:53:00.710679,S-03,3,48.51,26.98,0.7,641.2,40
514,2025-12-31 10:38:00.710679,S-02,1,38.13,26.67,33.7,745.1,5
515,2025-12-31 11:23:00.710679,S-01,2,30.0,33.41,14.2,827.4,0
516,2025-12-31 12:08:00.710679,S-01,2,37.15,30.59,29.4,839.2,0
517,2025-12-31 12:53:00.710679,S-01,1,48.17,28.05,18.8,847.4,12
518,2025-12-31 13:38:00.710679,S-03,1,38.34,29.61,21.1,795.5,0
519,2025-12-31 14:23:00.710679,S-01,2,45.81,27.6,27.8,759.1,0
520,2025-12-31 15:08:00.710679,S-02,1,44.63,25.28,8.0,554.9,0
521,2025-12-31 15:53:00.710679,S-02,2,,28.93,32.2,619.2,0
522,2025-12-31 16:38:00.710679,S-01,3,47.8,23.83,12.2,426.4,5
523,2025-12-31 17:23:00.710679,S-03,1,54.73,21.31,4.1,232.4,0
524,2025-12-31 18:08:00.710679,S-01,1,45.6,23.85,15.0,2.8,0
525,2025-12-31 18:53:00.710679,S-03,1,61.7,20.04,6.9,0.0,0
526,2025-12-31 19:38:00.710679,S-01,1,67.8,12.36,20.3,0.0,0
527,2025-12-31 20:23:00.710679,S-02,1,75.64,227.0,15.5,0.0,40
528,2025-12-31 21:08:00.710679,S-01,3,79.51,14.01,21.4,63.9,0
529,2025-12-31 21:53:00.710679,S-02,2,75.93,9.63,6.4,2.2,0
530,2025-12-31 22:38:00.710679,S-03,2,86.67,11.04,7.8,0.0,40
531,2025-12-31 23:23:00.710679,S-01,3,78.88,11.75,3.8,0.0,0
532,2026-01-01 00:08:00.710679,S-03,2,81.87,11.54,2.8,34.6,12
533,2026-01-01 00:53:00.710679,S-03,1,77.91,11.58,6.0,0.0,5
534,2026-01-01 01:38:00.710679,S-03,3,71.73,11.41,13.3,16.6,0
535,2026-01-01 02:23:00.710679,S-03,2,78.24,11.03,14.2,0.0,40
536,2026-01-01 03:08:00.710679,S-01,3,74.59,12.26,24.6,0.0,0
537,2026-01-01 03:53:00.710679,S-02,2,75.11,12.6,7.1,0.0,12
538,2026-01-01 04:38:00.710679,S-01,3,65.84,17.48,27.9,9.4,0
539,2026-01-01 05:23:00.710679,S-01,2,61.86,19.87,29.7,56.6,0
540,2026-01-01 06:08:00.710679,S-01,3,61.72,17.82,21.8,29.4,0
541,2026-01-01 06:53:00.710679,S-03,3,56.67,22.51,8.3,0.0,40
542,2026-01-01 07:38:00.710679,S-02,1,61.45,23.03,18.3,348.6,12
543,2026-01-01 08:23:00.710679,S-01,2,52.59,154.0,15.7,335.1,0
544,2026-01-01 09:08:00.710679,S-01,3,39.58,28.89,29.7,445.4,0
545,2026-01-01 09:53:00.710679,S-02,1,46.39,29.79,14.9,596.8,0
546,2026-01-01 10:38:00.710679,S-02,1,52.75,23.99,20.7,703.3,12
547,2026-01-01 11:23:00.710679,S-01,2,32.67,30.79,19.4,812.6,0
548,2026-01-01 12:08:00.710679,S-01,1,41.06,30.87,5.4,786.7,40
549,2026-01-01 12:53:00.710679,S-03,3,30.0,32.65,22.3,788.9,0
550,2026-01-01 13:38:00.710679,S-02,1,30.0,32.59,17.0,681.2,12
551,2026-01-01 14:23:00.710679,S-01,3,47.14,27.91,29.9,547.8,0
552,2026-01-01 15:08:00.710679,S-03,2,41.41,28.25,11.7,514.2,0
553,2026-01-01 15:53:00.710679,S-02,2,40.9,28.54,23.0,604.8,12
554,2026-01-01 16:38:00.710679,S-03,2,48.62,24.24,19.6,380.1,0
555,2026-01-01 17:23:00.710679,S-03,3,55.84,23.39,4.7,202.1,0
556,2026-01-01 18:08:00.710679,S-01,2,,21.76,0.9,22.7,5
557,2026-01-01 18:53:00.710679,S-03,2,67.37,18.69,5.9,0.0,0
558,2026-01-01 19:38:00.710679,S-02,2,69.63,17.65,28.8,0.0,0
559,2026-01-01 20:23:00.710679,S-02,2,70.44,16.42,6.4,0.0,0
560,2026-01-01 21:08:00.710679,S-03,1,68.69,16.63,10.5,0.0,0
561,2026-01-01 21:53:00.710679,S-02,3,83.48,10.02,27.7,0.0,0
562,2026-01-01 22:38:00.710679,S-02,3,81.75,8.5,28.4,7.1,12
563,2026-01-01 23:23:00.710679,S-01,2,68.87,14.03,13.6,37.9,12
564,2026-01-02 00:08:00.710679,S-03,1,85.98,10.26,7.7,12.9,0
565,2026-01-02 00:53:00.710679,S-03,1,77.88,10.08,5.8,21.5,0
566,2026-01-02 01:38:00.710679,S-03,3,81.54,7.66,26.1,21.2,5
567,2026-01-02 02:23:00.710679,S-01,3,85.23,11.41,4.0,30.2,0
568,2026-01-02 03:08:00.710679,S-03,1,80.44,12.37,12.3,52.5,5
569,2026-01-02 03:53:00.710679,S-03,1,69.63,13.16,36.6,24.2,40
570,2026-01-02 04:38:00.710679,S-03,1,69.27,15.66,11.7,20.0,0
571,2026-01-02 05:23:00.710679,S-03,1,,18.16,12.5,7.0,0
572,2026-01-02 06:08:00.710679,S-01,3,63.18,19.89,29.0,0.0,0
573,2026-01-02 06:53:00.710679,S-03,2,60.75,20.03,16.8,2.3,12
574,2026-01-02 07:38:00.710679,S-03,1,47.46,22.12,10.9,228.8,12
575,2026-01-02 08:23:00.710679,S-02,3,58.78,26.16,2.3,395.1,12
576,2026-01-02 09:08:00.710679,S-03,1,48.47,24.99,12.4,662.9,40
577,2026-01-02 09:53:00.710679,S-03,2,45.15,29.84,10.8,606.0,5
578,2026-01-02 10:38:00.710679,S-01,1,47.45,28.52,3.8,630.7,0
579,2026-01-02 11:23:00.710679,S-02,2,31.11,30.61,28.9,774.8,40
580,2026-01-02 12:08:00.710679,S-01,1,49.73,30.65,25.7,758.1,5
581,2026-01-02 12:53:00.710679,S-03,1,43.42,28.0,28.9,820.7,40
582,2026-01-02 13:38:00.710679,S-02,3,,27.4,16.4,772.7,12
583,2026-01-02 14:23:00.710679,S-01,2,47.74,24.42,19.6,794.2,0
584,2026-01-02 15:08:00.710679,S-03,3,39.13,30.09,23.4,569.6,5
585,2026-01-02 15:53:00.710679,S-03,2,43.74,25.81,13.4,611.1,0
586,2026-01-02 16:38:00.710679,S-01,1,61.03,23.41,4.9,397.3,0
587,2026-01-02 17:23:00.710679,S-03,1,45.07,26.59,23.0,229.9,0
588,2026-01-02 18:08:00.710679,S-01,1,60.21,21.54,8.4,17.9,0
589,2026-01-02 18:53:00.710679,S-01,1,63.73,20.0,21.0,105.2,12
590,2026-01-02 19:38:00.710679,S-01,2,70.54,13.43,15.7,25.2,12
591,2026-01-02 20:23:00.710679,S-02,3,74.18,15.4,17.6,53.9,12
592,2026-01-02 21:08:00.710679,S-03,3,82.06,11.28,22.2,0.0,0
593,2026-01-02 21:53:00.710679,S-01,1,70.36,16.64,3.5,32.2,5
594,2026-01-02 22:38:00.710679,S-03,2,76.76,9.77,24.9,44.9,5
595,2026-01-02 23:23:00.710679,S-03,3,84.53,8.47,3.5,0.0,0
596,2026-01-03 00:08:00.710679,S-01,3,79.18,6.94,20.4,0.0,5
597,2026-01-03 00:53:00.710679,S-02,1,82.3,10.06,17.5,0.0,0
598,2026-01-03 01:38:00.710679,S-03,1,86.13,8.9,16.8,33.2,0
599,2026-01-03 02:23:00.710679,S-03,2,81.52,10.48,21.0,69.0,40
600,2026-01-03 03:08:00.710679,S-02,1,61.46,15.69,21.6,0.3,0
601,2026-01-03 03:53:00.710679,S-02,1,79.81,13.26,22.3,67.3,40
602,2026-01-03 04:38:00.710679,S-02,1,65.73,16.53,17.8,48.1,0
603,2026-01-03 05:23:00.710679,S-01,3,77.21,12.64,19.9,0.0,12
604,2026-01-03 06:08:00.710679,S-02,1,51.37,17.86,22.6,0.0,40
605,2026-01-03 06:53:00.710679,S-01,1,42.64,24.98,2.0,0.0,0
606,2026-01-03 07:38:00.710679,S-01,1,64.01,22.49,31.1,224.9,0
607,2026-01-03 08:23:00.710679,S-01,1,44.02,27.42,14.0,508.5,5
608,2026-01-03 09:08:00.710679,S-01,3,38.17,31.12,17.9,531.6,5
609,2026-01-03 09:53:00.710679,S-01,3,37.14,26.96,31.3,604.0,0
610,2026-01-03 10:38:00.710679,S-03,2,55.21,24.89,10.5,711.3,0
611,2026-01-03 11:23:00.710679,S-03,2,30.0,33.75,0.6,704.0,5
612,2026-01-03 12:08:00.710679,S-01,1,43.22,29.14,8.6,844.9,0
613,2026-01-03 12:53:00.710679,S-01,1,40.79,31.24,11.9,854.2,0
614,2026-01-03 13:38:00.710679,S-02,1,45.98,24.89,19.0,761.9,0
615,2026-01-03 14:23:00.710679,S-01,2,36.03,30.93,12.8,764.3,0
616,2026-01-03 15:08:00.710679,S-03,2,43.12,26.29,33.7,560.4,0
617,2026-01-03 15:53:00.710679,S-02,3,43.95,27.67,10.8,470.6,0
618,2026-01-03 16:38:00.710679,S-01,2,55.32,24.75,15.9,382.0,5
619,2026-01-03 17:23:00.710679,S-02,3,50.56,22.16,15.0,260.9,0
620,2026-01-03 18:08:00.710679,S-01,2,46.9,21.22,14.7,25.6,0
621,2026-01-03 18:53:00.710679,S-03,1,48.38,19.22,1.3,0.0,40
622,2026-01-03 19:38:00.710679,S-01,2,57.61,18.25,11.3,0.0,40
623,2026-01-03 20:23:00.710679,S-03,3,84.49,11.92,20.1,62.6,0
624,2026-01-03 21:08:00.710679,S-03,3,82.87,11.77,17.6,13.7,5
625,2026-01-03 21:53:00.710679,S-02,2,76.98,12.96,17.2,42.4,0
626,2026-01-03 22:38:00.710679,S-03,3,76.9,9.33,19.1,0.0,0
627,2026-01-03 23:23:00.710679,S-01,1,67.03,11.67,3.3,0.0,40
628,2026-01-04 00:08:00.710679,S-03,3,71.91,13.57,25.3,36.8,0
629,2026-01-04 00:53:00.710679,S-03,2,79.4,8.02,25.7,62.9,0
630,2026-01-04 01:38:00.710679,S-03,2,65.1,11.29,0.4,0.0,40
631,2026-01-04 02:23:00.710679,S-03,1,71.74,11.04,2.2,70.6,0
632,2026-01-04 03:08:00.710679,S-01,1,71.51,10.23,8.8,0.0,0
633,2026-01-04 03:53:00.710679,S-02,2,79.48,11.11,27.8,0.0,40
634,2026-01-04 04:38:00.710679,S-03,2,70.99,16.02,24.0,0.0,0
635,2026-01-04 05:23:00.710679,S-03,3,61.04,18.64,27.2,25.7,0
636,2026-01-04 06:08:00.710679,S-02,3,58.84,19.74,7.4,35.5,0
637,2026-01-04 06:53:00.710679,S-02,2,55.99,20.87,2.1,0.0,12
638,2026-01-04 07:38:00.710679,S-01,2,61.42,21.57,7.3,246.7,0
639,2026-01-04 08:23:00.710679,S-01,1,44.12,26.93,18.4,462.2,0
640,2026-01-04 09:08:00.710679,S-02,3,45.21,26.27,9.7,494.2,40
641,2026-01-04 09:53:00.710679,S-01,3,47.7,28.06,6.3,536.3,40
642,2026-01-04 10:38:00.710679,S-01,1,48.04,27.79,4.1,727.3,12
643,2026-01-04 11:23:00.710679,S-01,3,38.2,28.17,6.4,781.4,40
644,2026-01-04 12:08:00.710679,S-01,2,42.88,26.76,18.2,760.3,5
645,2026-01-04 12:53:00.710679,S-01,1,46.4,27.99,31.5,746.0,0
646,2026-01-04 13:38:00.710679,S-01,1,49.68,27.13,27.5,812.9,12
647,2026-01-04 14:23:00.710679,S-02,2,41.14,27.05,22.7,687.7,40
648,2026-01-04 15:08:00.710679,S-01,1,46.93,25.57,10.5,646.6,0
649,2026-01-04 15:53:00.710679,S-03,2,64.78,314.0,2.9,629.0,0
650,2026-01-04 16:38:00.710679,S-01,1,52.67,24.97,17.5,440.8,0
651,2026-01-04 17:23:00.710679,S-02,1,59.25,21.72,11.4,234.4,5
652,2026-01-04 18:08:00.710679,S-02,3,56.62,21.65,7.5,75.0,0
653,2026-01-04 18:53:00.710679,S-02,3,64.6,18.92,12.6,83.9,5
654,2026-01-04 19:38:00.710679,S-03,2,64.98,16.55,28.3,9.2,12
655,2026-01-04 20:23:00.710679,S-03,1,72.81,16.05,24.8,0.0,40
656,2026-01-04 21:08:00.710679,S-01,1,67.51,14.92,24.3,13.9,40
657,2026-01-04 21:53:00.710679,S-02,2,77.84,13.98,5.2,0.0,0
658,2026-01-04 22:38:00.710679,S-01,2,83.69,8.78,19.9,64.8,0
659,2026-01-04 23:23:00.710679,S-03,3,76.88,13.62,6.6,49.9,12
660,2026-01-05 00:08:00.710679,S-02,1,73.27,10.24,20.4,47.2,0
661,2026-01-05 00:53:00.710679,S-03,3,64.65,11.08,20.9,23.0,0
662,2026-01-05 01:38:00.710679,S-03,3,77.58,9.55,12.7,8.3,5
663,2026-01-05 02:23:00.710679,S-03,1,80.51,10.27,6.2,91.4,0
664,2026-01-05 03:08:00.710679,S-02,1,79.35,11.26,3.1,13.7,0
665,2026-01-05 03:53:00.710679,S-01,1,71.99,14.8,23.2,22.9,40
666,2026-01-05 04:38:00.710679,S-02,2,58.89,16.67,2.9,0.0,0
667,2026-01-05 05:23:00.710679,S-01,2,72.55,15.51,14.2,0.0,0
668,2026-01-05 06:08:00.710679,S-03,1,53.85,18.93,34.7,26.6,12
669,2026-01-05 06:53:00.710679,S-01,3,73.57,17.45,3.0,19.4,0
670,2026-01-05 07:38:00.710679,S-02,1,59.32,22.39,3.0,237.2,0
671,2026-01-05 08:23:00.710679,S-03,1,46.36,25.23,11.3,417.5,0
672,2026-01-05 09:08:00.710679,S-03,2,42.17,26.01,14.9,603.1,12
673,2026-01-05 09:53:00.710679,S-03,3,51.35,26.65,14.3,472.3,12
674,2026-01-05 10:38:00.710679,S-03,3,36.44,28.76,18.1,726.3,0
675,2026-01-05 11:23:00.710679,S-03,3,41.1,30.35,14.5,769.2,0
676,2026-01-05 12:08:00.710679,S-03,2,30.59,32.49,17.5,778.2,0
677,2026-01-05 12:53:00.710679,S-01,2,44.45,29.33,18.2,832.7,0
678,2026-01-05 13:38:00.710679,S-02,1,47.56,25.99,19.7,838.4,12
679,2026-01-05 14:23:00.710679,S-03,2,46.43,26.46,18.0,648.1,0
680,2026-01-05 15:08:00.710679,S-02,3,43.63,29.77,37.5,620.4,0
681,2026-01-05 15:53:00.710679,S-02,3,37.41,28.56,1.1,520.2,5
682,2026-01-05 16:38:00.710679,S-02,1,45.66,26.47,15.2,443.7,0
683,2026-01-05 17:23:00.710679,S-02,2,49.77,23.69,25.3,242.2,0
684,2026-01-05 18:08:00.710679,S-01,2,66.59,17.89,2.1,56.6,5
685,2026-01-05 18:53:00.710679,S-03,2,65.17,15.94,23.6,82.1,12
686,2026-01-05 19:38:00.710679,S-03,2,66.41,17.53,18.9,0.0,40
687,2026-01-05 20:23:00.710679,S-02,1,60.47,16.15,20.4,0.0,5
688,2026-01-05 21:08:00.710679,S-02,1,67.15,13.81,25.4,18.8,0
689,2026-01-05 21:53:00.710679,S-01,1,76.26,9.85,0.2,11.7,5
690,2026-01-05 22:38:00.710679,S-03,2,70.32,11.94,18.6,0.0,0
691,2026-01-05 23:23:00.710679,S-03,2,74.67,14.93,13.7,0.0,0
692,2026-01-06 00:08:00.710679,S-01,3,73.75,12.0,16.3,67.6,12
693,2026-01-06 00:53:00.710679,S-02,1,84.07,9.11,29.8,0.0,0
694,2026-01-06 01:38:00.710679,S-01,2,89.58,8.86,13.6,0.0,0
695,2026-01-06 02:23:00.710679,S-01,3,77.42,11.83,24.1,41.1,0
696,2026-01-06 03:08:00.710679,S-01,1,74.05,13.47,6.0,19.4,0
697,2026-01-06 03:53:00.710679,S-03,2,83.84,442.0,5.5,47.0,0
698,2026-01-06 04:38:00.710679,S-02,1,71.51,15.69,9.4,0.0,40
699,2026-01-06 05:23:00.710679,S-03,3,51.98,19.28,34.3,11.4,40
700,2026-01-06 06:08:00.710679,S-02,1,62.32,15.49,13.1,0.0,0
701,2026-01-06 06:53:00.710679,S-02,2,55.74,19.59,11.5,23.7,12
702,2026-01-06 07:38:00.710679,S-03,3,53.14,22.46,9.6,157.0,0
703,2026-01-06 08:23:00.710679,S-03,3,59.92,20.5,9.5,404.8,5
704,2026-01-06 09:08:00.710679,S-02,1,45.3,26.35,29.0,569.0,0
705,2026-01-06 09:53:00.710679,S-01,2,52.03,25.5,23.2,643.5,0
706,2026-01-06 10:38:00.710679,S-01,3,47.93,26.98,20.7,664.1,5
707,2026-01-06 11:23:00.710679,S-01,3,37.45,31.3,17.8,730.1,0
708,2026-01-06 12:08:00.710679,S-02,3,36.9,32.6,3.4,788.4,0
709,2026-01-06 12:53:00.710679,S-01,1,40.13,29.95,7.6,809.4,0
710,2026-01-06 13:38:00.710679,S-01,3,50.72,25.95,7.3,821.4,0
711,2026-01-06 14:23:00.710679,S-02,2,45.68,26.01,3.9,716.0,0
712,2026-01-06 15:08:00.710679,S-03,1,52.13,27.9,12.0,575.8,0
713,2026-01-06 15:53:00.710679,S-03,3,43.8,27.45,11.8,526.1,0
714,2026-01-06 16:38:00.710679,S-02,1,41.53,26.65,25.7,415.4,0
715,2026-01-06 17:23:00.710679,S-01,2,41.27,26.16,18.8,178.4,0
716,2026-01-06 18:08:00.710679,S-01,2,55.86,22.27,14.0,4.9,40
717,2026-01-06 18:53:00.710679,S-03,1,69.25,17.75,10.6,0.0,5
718,2026-01-06 19:38:00.710679,S-03,1,68.62,14.95,0.1,17.9,0
719,2026-01-06 20:23:00.710679,S-02,2,64.66,16.14,21.3,0.0,0
720,2026-01-06 21:08:00.710679,S-01,3,65.3,13.67,21.0,0.0,40
721,2026-01-06 21:53:00.710679,S-01,1,70.74,12.67,25.3,73.8,0
722,2026-01-06 22:38:00.710679,S-03,3,70.44,160.0,15.8,100.3,0
723,2026-01-06 23:23:00.710679,S-01,1,84.49,10.87,17.9,84.4,0
724,2026-01-07 00:08:00.710679,S-03,3,77.34,12.54,6.6,0.0,0
725,2026-01-07 00:53:00.710679,S-02,1,,10.43,12.2,0.0,0
726,2026-01-07 01:38:00.710679,S-01,2,82.22,12.95,9.7,8.4,0
727,2026-01-07 02:23:00.710679,S-02,3,76.0,11.14,15.4,0.0,12
728,2026-01-07 03:08:00.710679,S-02,3,71.21,11.12,14.5,63.5,0
729,2026-01-07 03:53:00.710679,S-03,2,68.45,13.84,7.6,0.0,0
730,2026-01-07 04:38:00.710679,S-01,3,61.35,15.37,7.4,0.0,0
731,2026-01-07 05:23:00.710679,S-01,2,71.36,14.31,16.4,0.0,0
732,2026-01-07 06:08:00.710679,S-01,2,67.61,17.05,6.4,0.0,0
733,2026-01-07 06:53:00.710679,S-01,3,63.89,19.37,8.0,0.0,0
734,2026-01-07 07:38:00.710679,S-01,2,60.39,19.89,18.0,235.6,0
735,2026-01-07 08:23:00.710679,S-02,2,47.61,27.65,25.4,427.7,5
736,2026-01-07 09:08:00.710679,S-03,1,49.9,22.54,7.2,597.3,12
737,2026-01-07 09:53:00.710679,S-02,2,33.53,33.34,17.0,503.4,0
738,2026-01-07 10:38:00.710679,S-02,1,37.33,29.88,17.9,673.6,0
739,2026-01-07 11:23:00.710679,S-03,2,40.58,28.64,20.9,699.4,12
740,2026-01-07 12:08:00.710679,S-02,3,44.38,29.46,3.2,736.6,5
741,2026-01-07 12:53:00.710679,S-02,3,38.3,30.02,3.3,820.0,0
742,2026-01-07 13:38:00.710679,S-03,1,40.55,29.52,10.9,753.7,0
743,2026-01-07 14:23:00.710679,S-02,3,39.52,28.42,11.5,647.3,5
744,2026-01-07 15:08:00.710679,S-02,1,47.42,27.75,35.3,533.8,5
745,2026-01-07 15:53:00.710679,S-02,2,51.43,27.74,2.7,632.2,0
746,2026-01-07 16:38:00.710679,S-02,3,50.33,25.81,9.5,387.7,40
747,2026-01-07 17:23:00.710679,S-02,3,44.48,23.85,13.4,330.0,0
748,2026-01-07 18:08:00.710679,S-03,1,61.1,20.88,23.1,30.2,0
749,2026-01-07 18:53:00.710679,S-02,2,55.02,23.68,31.7,71.4,5
750,2026-01-07 19:38:00.710679,S-01,1,59.98,20.34,41.0,46.3,0
751,2026-01-07 20:23:00.710679,S-01,2,72.72,14.09,21.4,35.8,5
752,2026-01-07 21:08:00.710679,S-02,3,80.82,10.82,29.8,80.7,12
753,2026-01-07 21:53:00.710679,S-02,1,73.49,12.77,13.0,13.0,40
754,2026-01-07 22:38:00.710679,S-02,1,73.89,12.83,20.9,16.2,5
755,2026-01-07 23:23:00.710679,S-03,2,82.07,8.06,15.1,0.0,0
756,2026-01-08 00:08:00.710679,S-02,2,67.86,12.47,11.7,0.0,40
757,2026-01-08 00:53:00.710679,S-01,1,,9.76,21.9,16.5,12
758,2026-01-08 01:38:00.710679,S-01,3,80.44,10.78,13.0,27.5,0
759,2026-01-08 02:23:00.710679,S-01,3,72.85,12.24,23.0,56.7,0
760,2026-01-08 03:08:00.710679,S-01,1,68.86,14.87,10.0,0.0,0
761,2026-01-08 03:53:00.710679,S-02,3,72.57,13.77,10.1,8.4,40
762,2026-01-08 04:38:00.710679,S-03,3,66.25,16.19,0.8,46.2,0
763,2026-01-08 05:23:00.710679,S-02,2,83.54,14.21,22.9,18.8,0
764,2026-01-08 06:08:00.710679,S-02,3,44.43,21.51,36.9,0.0,5
765,2026-01-08 06:53:00.710679,S-01,1,53.0,21.65,3.3,17.3,0
766,2026-01-08 07:38:00.710679,S-03,1,58.07,21.95,29.9,152.7,5
767,2026-01-08 08:23:00.710679,S-03,2,49.09,24.57,10.3,348.5,12
768,2026-01-08 09:08:00.710679,S-01,1,54.5,24.17,4.1,575.2,0
769,2026-01-08 09:53:00.710679,S-03,2,34.51,29.27,22.5,568.5,12
770,2026-01-08 10:38:00.710679,S-02,2,36.2,28.25,11.7,753.7,5
771,2026-01-08 11:23:00.710679,S-03,1,36.45,32.15,14.9,819.2,0
772,2026-01-08 12:08:00.710679,S-01,2,43.78,31.68,21.0,816.1,40
773,2026-01-08 12:53:00.710679,S-01,1,38.83,31.55,15.8,912.2,0
774,2026-01-08 13:38:00.710679,S-02,3,40.44,30.12,42.3,909.2,40
775,2026-01-08 14:23:00.710679,S-01,2,,28.54,5.9,652.5,12
776,2026-01-08 15:08:00.710679,S-02,3,50.98,25.27,27.2,599.9,0
777,2026-01-08 15:53:00.710679,S-01,3,43.04,174.0,10.8,557.1,0
778,2026-01-08 16:38:00.710679,S-03,3,51.22,23.42,14.6,358.1,12
779,2026-01-08 17:23:00.710679,S-01,1,48.24,23.78,23.1,54.9,0
780,2026-01-08 18:08:00.710679,S-02,3,56.93,22.82,5.5,51.2,40
781,2026-01-08 18:53:00.710679,S-03,3,51.18,22.6,11.5,0.0,0
782,2026-01-08 19:38:00.710679,S-02,2,76.74,14.01,17.6,0.0,0
783,2026-01-08 20:23:00.710679,S-03,1,72.18,12.97,24.1,0.0,0
784,2026-01-08 21:08:00.710679,S-03,2,84.76,10.33,0.6,0.0,40
785,2026-01-08 21:53:00.710679,S-02,2,72.65,11.06,9.3,113.8,0
786,2026-01-08 22:38:00.710679,S-03,3,86.31,8.83,3.1,97.1,0
787,2026-01-08 23:23:00.710679,S-02,2,79.75,8.68,9.6,3.1,0
788,2026-01-09 00:08:00.710679,S-01,1,80.05,9.85,16.6,0.0,0
789,2026-01-09 00:53:00.710679,S-02,2,80.09,10.97,21.6,0.0,0
790,2026-01-09 01:38:00.710679,S-01,3,86.81,10.62,31.5,0.0,12
791,2026-01-09 02:23:00.710679,S-01,2,68.62,14.41,29.2,0.0,40
792,2026-01-09 03:08:00.710679,S-03,3,72.64,14.55,10.0,0.0,40
793,2026-01-09 03:53:00.710679,S-02,1,73.57,13.51,28.6,10.1,0
794,2026-01-09 04:38:00.710679,S-01,3,77.29,11.65,16.7,95.9,5
795,2026-01-09 05:23:00.710679,S-02,3,76.47,14.94,15.4,0.0,40
796,2026-01-09 06:08:00.710679,S-03,3,63.06,19.92,15.7,70.4,5
797,2026-01-09 06:53:00.710679,S-02,2,50.42,18.69,21.7,0.0,0
798,2026-01-09 07:38:00.710679,S-02,3,56.82,21.42,41.8,186.8,0
799,2026-01-09 08:23:00.710679,S-01,2,36.11,29.41,10.7,447.5,40
800,2026-01-09 09:08:00.710679,S-01,1,41.19,25.57,10.7,588.7,40
801,2026-01-09 09:53:00.710679,S-01,3,42.12,32.02,18.0,636.8,40
802,2026-01-09 10:38:00.710679,S-01,2,34.75,28.95,14.9,775.2,12
803,2026-01-09 11:23:00.710679,S-01,3,47.11,28.85,15.7,753.3,0
804,2026-01-09 12:08:00.710679,S-01,2,41.9,27.59,23.3,811.9,5
805,2026-01-09 12:53:00.710679,S-02,3,30.0,33.29,8.2,867.4,5
806,2026-01-09 13:38:00.710679,S-01,3,30.57,31.8,12.1,775.3,0
807,2026-01-09 14:23:00.710679,S-01,1,55.5,25.61,14.1,650.8,12
808,2026-01-09 15:08:00.710679,S-02,3,47.48,27.67,10.4,582.3,0
809,2026-01-09 15:53:00.710679,S-01,3,50.52,28.33,20.0,611.4,0
810,2026-01-09 16:38:00.710679,S-01,3,38.46,27.88,4.3,372.9,5
811,2026-01-09 17:23:00.710679,S-03,1,53.2,22.81,25.4,240.0,12
812,2026-01-09 18:08:00.710679,S-01,3,70.4,18.83,9.0,0.0,0
813,2026-01-09 18:53:00.710679,S-02,1,54.35,20.89,11.0,0.0,0
814,2026-01-09 19:38:00.710679,S-03,3,64.78,19.38,2.1,84.2,40
815,2026-01-09 20:23:00.710679,S-03,1,82.98,12.68,12.7,0.0,0
816,2026-01-09 21:08:00.710679,S-02,3,74.04,15.34,9.7,0.0,5
817,2026-01-09 21:53:00.710679,S-02,1,73.11,12.35,21.4,7.1,0
818,2026-01-09 22:38:00.710679,S-02,2,80.49,11.67,4.0,27.9,12
819,2026-01-09 23:23:00.710679,S-03,3,77.84,9.78,24.4,16.8,12
820,2026-01-10 00:08:00.710679,S-02,2,76.88,9.86,15.3,48.4,0
821,2026-01-10 00:53:00.710679,S-01,1,90.39,7.77,3.9,64.0,0
822,2026-01-10 01:38:00.710679,S-01,2,68.37,13.03,20.3,64.3,0
823,2026-01-10 02:23:00.710679,S-02,2,84.54,10.04,17.7,0.0,0
824,2026-01-10 03:08:00.710679,S-02,1,75.82,10.2,14.8,0.0,5
825,2026-01-10 03:53:00.710679,S-01,3,79.47,11.23,3.6,46.0,0
826,2026-01-10 04:38:00.710679,S-01,2,71.09,15.8,11.2,49.8,0
827,2026-01-10 05:23:00.710679,S-02,3,76.14,16.06,14.9,0.0,0
828,2026-01-10 06:08:00.710679,S-03,1,55.6,21.03,16.3,31.8,0
829,2026-01-10 06:53:00.710679,S-03,3,58.45,19.62,26.1,0.0,40
830,2026-01-10 07:38:00.710679,S-03,1,70.85,19.52,28.3,220.0,0
831,2026-01-10 08:23:00.710679,S-03,1,49.27,25.07,7.5,403.0,40
832,2026-01-10 09:08:00.710679,S-02,3,51.81,27.99,5.1,535.4,0
833,2026-01-10 09:53:00.710679,S-03,2,42.64,28.71,23.5,470.0,40
834,2026-01-10 10:38:00.710679,S-02,3,31.26,28.09,17.3,688.0,0
835,2026-01-10 11:23:00.710679,S-02,3,43.91,30.72,32.8,746.8,5
836,2026-01-10 12:08:00.710679,S-02,2,43.27,31.73,6.9,824.6,0
837,2026-01-10 12:53:00.710679,S-03,2,44.86,27.35,5.1,835.7,12
838,2026-01-10 13:38:00.710679,S-01,1,42.46,29.83,8.7,629.5,0
839,2026-01-10 14:23:00.710679,S-01,2,48.27,26.27,10.6,724.2,5
840,2026-01-10 15:08:00.710679,S-02,2,44.31,29.15,2.6,522.9,5
841,2026-01-10 15:53:00.710679,S-01,2,36.72,29.32,13.4,621.8,0
842,2026-01-10 16:38:00.710679,S-02,3,54.68,23.64,8.9,409.6,40
843,2026-01-10 17:23:00.710679,S-03,2,49.03,22.45,7.5,131.3,0
844,2026-01-10 18:08:00.710679,S-02,1,58.09,19.29,1.8,0.0,40
845,2026-01-10 18:53:00.710679,S-02,2,59.98,19.3,16.8,47.1,0
846,2026-01-10 19:38:00.710679,S-01,2,65.46,17.8,7.4,62.6,12
847,2026-01-10 20:23:00.710679,S-02,1,64.03,18.32,15.1,33.4,0
848,2026-01-10 21:08:00.710679,S-02,3,79.45,11.95,19.2,24.1,5
849,2026-01-10 21:53:00.710679,S-01,3,71.3,12.62,10.3,4.6,0
850,2026-01-10 22:38:00.710679,S-01,2,79.22,11.0,16.3,76.7,0
851,2026-01-10 23:23:00.710679,S-03,2,81.67,7.85,17.8,7.8,40
852,2026-01-11 00:08:00.710679,S-02,3,77.33,13.64,14.5,72.0,0
853,2026-01-11 00:53:00.710679,S-03,2,82.82,8.65,10.0,0.0,0
854,2026-01-11 01:38:00.710679,S-03,1,75.93,10.58,7.3,0.0,0
855,2026-01-11 02:23:00.710679,S-01,2,87.06,8.19,17.2,38.4,12
856,2026-01-11 03:08:00.710679,S-03,2,68.82,13.23,11.5,0.0,0
857,2026-01-11 03:53:00.710679,S-02,1,61.9,14.81,17.0,1.8,0
858,2026-01-11 04:38:00.710679,S-03,3,67.93,13.11,21.6,0.0,12
859,2026-01-11 05:23:00.710679,S-01,1,73.37,15.42,23.3,15.2,0
860,2026-01-11 06:08:00.710679,S-02,2,57.67,22.57,3.2,49.7,0
861,2026-01-11 06:53:00.710679,S-01,2,49.99,22.92,2.3,32.9,0
862,2026-01-11 07:38:00.710679,S-02,1,56.98,22.32,5.0,203.6,0
863,2026-01-11 08:23:00.710679,S-01,1,42.35,31.5,11.5,266.9,12
864,2026-01-11 09:08:00.710679,S-01,1,41.11,28.35,1.0,552.8,0
865,2026-01-11 09:53:00.710679,S-01,3,40.84,29.9,9.7,530.3,0
866,2026-01-11 10:38:00.710679,S-03,1,47.18,26.38,29.5,680.9,40
867,2026-01-11 11:23:00.710679,S-02,2,30.0,34.33,4.9,760.0,0
868,2026-01-11 12:08:00.710679,S-02,2,36.68,30.52,13.3,812.0,5
869,2026-01-11 12:53:00.710679,S-02,1,37.04,31.21,18.8,799.2,5
870,2026-01-11 13:38:00.710679,S-02,2,53.07,27.29,28.5,761.9,0
871,2026-01-11 14:23:00.710679,S-02,1,39.99,27.36,22.1,648.1,40
872,2026-01-11 15:08:00.710679,S-01,1,56.55,25.32,36.0,543.4,12
873,2026-01-11 15:53:00.710679,S-02,1,43.39,27.92,8.9,503.4,0
874,2026-01-11 16:38:00.710679,S-03,1,53.85,24.09,22.2,365.9,12
875,2026-01-11 17:23:00.710679,S-01,3,54.7,23.91,7.7,236.4,0
876,2026-01-11 18:08:00.710679,S-02,1,61.69,20.89,30.1,0.0,0
877,2026-01-11 18:53:00.710679,S-01,1,59.23,19.1,5.9,23.1,40
878,2026-01-11 19:38:00.710679,S-02,3,59.79,19.26,24.3,0.0,0
879,2026-01-11 20:23:00.710679,S-01,3,69.42,16.36,20.8,0.0,40
880,2026-01-11 21:08:00.710679,S-01,3,65.36,14.31,20.6,14.7,0
881,2026-01-11 21:53:00.710679,S-03,3,78.85,12.58,8.0,0.0,5
882,2026-01-11 22:38:00.710679,S-02,3,86.43,9.49,1.2,12.7,0
883,2026-01-11 23:23:00.710679,S-01,3,85.69,5.92,15.9,1.0,40
884,2026-01-12 00:08:00.710679,S-02,2,76.79,9.33,17.0,0.0,12
885,2026-01-12 00:53:00.710679,S-02,3,77.51,12.9,34.9,17.0,0
886,2026-01-12 01:38:00.710679,S-01,1,83.78,10.11,31.2,0.0,5
887,2026-01-12 02:23:00.710679,S-03,1,88.18,9.95,26.6,0.0,0
888,2026-01-12 03:08:00.710679,S-01,3,68.79,11.65,28.1,61.3,0
889,2026-01-12 03:53:00.710679,S-03,3,69.4,13.33,2.7,0.0,0
890,2026-01-12 04:38:00.710679,S-03,3,63.79,15.96,15.6,42.4,0
891,2026-01-12 05:23:00.710679,S-01,2,67.73,17.48,19.8,0.0,0
892,2026-01-12 06:08:00.710679,S-01,2,51.39,21.85,23.6,52.4,0
893,2026-01-12 06:53:00.710679,S-01,3,59.18,19.48,24.9,0.0,0
894,2026-01-12 07:38:00.710679,S-01,1,54.46,19.81,1.3,222.0,0
895,2026-01-12 08:23:00.710679,S-01,2,35.67,26.67,4.5,453.7,0
896,2026-01-12 09:08:00.710679,S-02,3,52.77,25.39,7.8,597.9,12
897,2026-01-12 09:53:00.710679,S-02,1,58.8,22.97,10.4,577.0,0
898,2026-01-12 10:38:00.710679,S-02,2,42.01,29.34,18.5,711.4,5
899,2026-01-12 11:23:00.710679,S-02,1,42.52,28.53,2.2,716.7,12
900,2026-01-12 12:08:00.710679,S-03,3,43.69,29.01,11.5,783.7,40
901,2026-01-12 12:53:00.710679,S-03,2,43.43,31.02,3.9,881.1,5
902,2026-01-12 13:38:00.710679,S-01,3,35.22,33.89,8.3,804.7,0
903,2026-01-12 14:23:00.710679,S-03,3,40.54,28.47,11.0,701.1,0
904,2026-01-12 15:08:00.710679,S-01,2,49.55,25.84,18.0,534.4,0
905,2026-01-12 15:53:00.710679,S-03,3,40.4,29.47,25.4,553.7,0
906,2026-01-12 16:38:00.710679,S-03,2,49.85,24.32,16.0,446.4,0
907,2026-01-12 17:23:00.710679,S-02,3,47.45,23.09,14.4,175.3,0
908,2026-01-12 18:08:00.710679,S-01,2,56.64,19.57,7.6,9.3,0
909,2026-01-12 18:53:00.710679,S-03,2,63.24,20.75,45.9,39.8,12
910,2026-01-12 19:38:00.710679,S-02,2,69.9,16.42,11.0,0.0,0
911,2026-01-12 20:23:00.710679,S-03,3,86.09,9.64,8.3,88.0,0
912,2026-01-12 21:08:00.710679,S-03,3,85.71,10.98,21.7,0.0,0
913,2026-01-12 21:53:00.710679,S-02,1,82.23,10.78,11.3,0.0,0
914,2026-01-12 22:38:00.710679,S-01,1,83.48,10.84,24.4,0.0,0
915,2026-01-12 23:23:00.710679,S-02,1,85.12,7.32,14.9,0.0,40
916,2026-01-13 00:08:00.710679,S-03,2,75.16,9.35,4.1,0.0,40
917,2026-01-13 00:53:00.710679,S-02,1,79.36,11.58,15.7,0.0,0
918,2026-01-13 01:38:00.710679,S-02,2,79.03,9.96,4.5,0.0,0
919,2026-01-13 02:23:00.710679,S-02,1,77.27,13.06,13.7,34.5,0
920,2026-01-13 03:08:00.710679,S-01,1,67.32,14.0,23.5,0.0,0
921,2026-01-13 03:53:00.710679,S-03,3,65.93,13.12,16.9,42.8,0
922,2026-01-13 04:38:00.710679,S-03,1,68.42,11.35,20.4,0.9,40
923,2026-01-13 05:23:00.710679,S-03,3,63.39,15.09,10.2,0.0,12
924,2026-01-13 06:08:00.710679,S-02,1,59.12,22.19,13.7,57.5,40
925,2026-01-13 06:53:00.710679,S-03,2,51.07,19.84,22.0,0.0,0
926,2026-01-13 07:38:00.710679,S-01,3,53.85,19.52,24.2,186.9,12
927,2026-01-13 08:23:00.710679,S-01,3,,23.78,11.9,406.2,40
928,2026-01-13 09:08:00.710679,S-01,3,46.84,27.73,12.6,587.5,0
929,2026-01-13 09:53:00.710679,S-03,3,44.19,28.58,31.6,574.1,0
930,2026-01-13 10:38:00.710679,S-01,2,41.03,26.82,22.7,667.5,0
931,2026-01-13 11:23:00.710679,S-01,1,34.08,28.75,21.1,778.4,12
932,2026-01-13 12:08:00.710679,S-01,1,40.35,30.63,23.4,800.5,0
933,2026-01-13 12:53:00.710679,S-03,2,30.76,32.15,9.2,827.2,0
934,2026-01-13 13:38:00.710679,S-02,2,39.93,28.96,12.2,702.3,0
935,2026-01-13 14:23:00.710679,S-02,2,36.42,27.39,14.2,658.1,12
936,2026-01-13 15:08:00.710679,S-02,2,45.48,24.43,13.7,504.5,0
937,2026-01-13 15:53:00.710679,S-02,2,39.83,25.23,14.4,556.3,0
938,2026-01-13 16:38:00.710679,S-03,3,48.41,23.51,11.1,462.0,0
939,2026-01-13 17:23:00.710679,S-01,1,50.6,23.93,12.9,196.9,5
940,2026-01-13 18:08:00.710679,S-03,2,68.78,17.99,14.2,0.0,0
941,2026-01-13 18:53:00.710679,S-03,1,54.61,20.13,21.0,0.0,40
942,2026-01-13 19:38:00.710679,S-03,3,61.85,16.98,15.8,31.7,12
943,2026-01-13 20:23:00.710679,S-01,1,60.97,335.0,16.9,41.3,0
944,2026-01-13 21:08:00.710679,S-03,3,69.68,15.48,16.6,42.9,0
945,2026-01-13 21:53:00.710679,S-01,3,66.87,14.23,11.1,0.0,0
946,2026-01-13 22:38:00.710679,S-03,3,82.26,10.25,15.0,0.0,5
947,2026-01-13 23:23:00.710679,S-03,3,75.06,12.09,9.6,0.0,5
948,2026-01-14 00:08:00.710679,S-03,3,74.44,9.65,13.5,59.0,5
949,2026-01-14 00:53:00.710679,S-03,3,77.63,7.93,12.6,56.7,0
950,2026-01-14 01:38:00.710679,S-03,1,77.79,11.09,5.1,11.1,0
951,2026-01-14 02:23:00.710679,S-03,1,85.0,8.3,22.8,0.0,0
952,2026-01-14 03:08:00.710679,S-01,2,78.51,11.11,20.0,81.9,0
953,2026-01-14 03:53:00.710679,S-01,2,81.78,10.87,2.0,26.4,5
954,2026-01-14 04:38:00.710679,S-01,2,80.98,16.25,11.0,0.0,0
955,2026-01-14 05:23:00.710679,S-02,3,77.77,373.0,7.1,0.0,5
956,2026-01-14 06:08:00.710679,S-03,3,67.18,17.91,25.0,0.0,0
957,2026-01-14 06:53:00.710679,S-03,3,57.03,23.15,12.9,0.0,0
958,2026-01-14 07:38:00.710679,S-03,1,60.49,23.49,24.1,159.8,0
959,2026-01-14 08:23:00.710679,S-03,1,51.78,24.08,13.7,429.9,0
960,2026-01-14 09:08:00.710679,S-01,1,46.83,29.88,20.2,569.2,0
961,2026-01-14 09:53:00.710679,S-01,1,42.92,27.36,4.0,576.4,12
962,2026-01-14 10:38:00.710679,S-03,3,39.47,30.92,2.6,654.3,0
963,2026-01-14 11:23:00.710679,S-02,1,47.5,31.2,13.9,727.4,0
964,2026-01-14 12:08:00.710679,S-03,3,41.83,29.18,15.4,698.8,40
965,2026-01-14 12:53:00.710679,S-02,3,45.77,29.15,11.3,840.0,0
966,2026-01-14 13:38:00.710679,S-01,1,44.16,27.8,1.2,840.3,0
967,2026-01-14 14:23:00.710679,S-02,1,50.3,23.32,19.0,631.3,0
968,2026-01-14 15:08:00.710679,S-02,2,60.58,24.25,8.8,564.4,0
969,2026-01-14 15:53:00.710679,S-01,1,45.36,26.6,19.0,602.4,0
970,2026-01-14 16:38:00.710679,S-03,2,37.21,26.57,16.3,425.1,0
971,2026-01-14 17:23:00.710679,S-02,3,63.53,19.83,11.7,176.9,12
972,2026-01-14 18:08:00.710679,S-01,1,,19.97,29.1,137.0,5
973,2026-01-14 18:53:00.710679,S-02,1,69.16,20.26,15.0,0.0,0
974,2026-01-14 19:38:00.710679,S-03,1,62.63,15.73,13.2,12.5,0
975,2026-01-14 20:23:00.710679,S-03,1,82.55,15.47,12.4,15.7,0
976,2026-01-14 21:08:00.710679,S-03,1,85.5,8.76,19.5,60.3,12
977,2026-01-14 21:53:00.710679,S-03,2,81.5,14.02,14.7,48.4,0
978,2026-01-14 22:38:00.710679,S-01,1,81.08,12.11,24.8,16.5,12
979,2026-01-14 23:23:00.710679,S-02,2,67.22,13.15,12.3,27.9,0
980,2026-01-15 00:08:00.710679,S-02,2,75.79,9.29,5.3,19.0,0
981,2026-01-15 00:53:00.710679,S-01,2,67.29,12.91,12.1,5.7,12
982,2026-01-15 01:38:00.710679,S-01,1,74.9,12.22,18.6,0.0,0
983,2026-01-15 02:23:00.710679,S-01,3,84.25,9.68,2.2,0.0,0
984,2026-01-15 03:08:00.710679,S-02,2,72.89,12.87,6.7,0.0,5
985,2026-01-15 03:53:00.710679,S-02,2,69.34,10.34,6.9,54.6,0
986,2026-01-15 04:38:00.710679,S-02,1,67.3,15.05,12.5,0.0,5
987,2026-01-15 05:23:00.710679,S-03,3,59.23,16.92,32.8,0.0,0
988,2026-01-15 06:08:00.710679,S-02,1,42.51,21.52,21.2,0.0,40
989,2026-01-15 06:53:00.710679,S-03,2,56.73,22.93,2.4,12.5,40
990,2026-01-15 07:38:00.710679,S-03,1,48.06,23.44,13.5,162.0,0
991,2026-01-15 08:23:00.710679,S-02,2,50.48,24.06,33.2,385.9,0
992,2026-01-15 09:08:00.710679,S-02,2,54.93,23.08,6.6,486.6,5
993,2026-01-15 09:53:00.710679,S-03,2,38.17,30.63,20.4,608.4,0
994,2026-01-15 10:38:00.710679,S-03,3,37.77,28.98,15.0,720.3,0
995,2026-01-15 11:23:00.710679,S-02,1,49.28,29.55,2.2,704.9,0
996,2026-01-15 12:08:00.710679,S-03,3,40.32,28.83,13.5,823.7,5
997,2026-01-15 12:53:00.710679,S-02,3,38.19,32.65,16.0,848.4,12
998,2026-01-15 13:38:00.710679,S-03,2,32.36,31.42,9.8,803.8,5
999,2026-01-15 14:23:00.710679,S-01,2,34.19,31.39,1.6,655.4,0
1000,2026-01-15 15:08:00.710679,S-03,1,51.94,26.51,14.9,508.6,0
2026-01-21 14:42:46,S-01,1,20,19.7,10.0,300.0,0.2
2026-01-21 14:45:10,S-01,1,20,19.7,10.0,300.0,0.2
,2026-01-21 14:46:31,S-01,1,20.0,19.7,10.0,300.0,0.2
1001,2026-01-21 14:48:53,S-01,1,20.0,19.7,10.0,300.0,0.2
